{"val_loss":{"0":4.4046714306,"1":3.5440642323,"2":4.2031663713,"3":2.6620401768,"4":0.5677515197,"5":0.5343880852,"6":0.5553792722,"7":0.6406172571,"8":0.5241448503,"9":0.5190753781,"10":0.5108093222,"11":0.4993414794,"12":0.4999657969,"13":0.5014065937,"14":0.5037493486,"15":0.5031741765,"16":0.5035908385,"17":0.5025860859,"18":0.5080981084,"19":0.5017619587,"20":0.504166255,"21":0.5060417475,"22":0.4984049095,"23":0.5020477701,"24":0.5048188723,"25":0.5032002071,"26":0.5033551437,"27":0.5057864484,"28":0.5050855811,"29":0.5064381524,"30":0.5026119447,"31":0.5045644953,"32":0.4997347998,"33":0.5027800855,"34":0.501109627,"35":0.5030501911,"36":0.5030193357,"37":0.5031099696,"38":0.5068289432,"39":0.5088391659},"val_acc":{"0":0.5547705378,"1":0.7025076477,"2":0.5651862536,"3":0.7193080442,"4":0.8882395852,"5":0.8954010492,"6":0.8904294996,"7":0.8899364812,"8":0.9016281735,"9":0.9011199588,"10":0.9021031658,"11":0.9036130934,"12":0.9040876144,"13":0.9044748232,"14":0.9041336349,"15":0.9044809852,"16":0.9043979446,"17":0.9044691267,"18":0.9035755992,"19":0.9046224015,"20":0.9044738696,"21":0.9041682822,"22":0.9052577728,"23":0.90469737,"24":0.9044420776,"25":0.9045754189,"26":0.9045925084,"27":0.90434717,"28":0.9043528608,"29":0.9041023226,"30":0.9046076905,"31":0.9042503692,"32":0.9050100786,"33":0.9046138525,"34":0.9048098326,"35":0.9045996212,"36":0.9045801588,"37":0.9047405521,"38":0.9040520163,"39":0.9038569956},"loss":{"0":1.0071563785,"1":0.7766297583,"2":0.7670719929,"3":0.6550137405,"4":0.5216630838,"5":0.4698371854,"6":0.4235042538,"7":0.3803433994,"8":0.3539046335,"9":0.3135483324,"10":0.3055271051,"11":0.3094798561,"12":0.3048897524,"13":0.2958523685,"14":0.298888201,"15":0.2878674,"16":0.3034233674,"17":0.3047791428,"18":0.2847095395,"19":0.2858383283,"20":0.2973203553,"21":0.2881741154,"22":0.2838779326,"23":0.2855980367,"24":0.2889344993,"25":0.2929505511,"26":0.2856877367,"27":0.2957885874,"28":0.2876006498,"29":0.2915009743,"30":0.305614712,"31":0.2935828717,"32":0.2990879141,"33":0.2961954776,"34":0.2978633336,"35":0.2892045532,"36":0.31206447,"37":0.3034294441,"38":0.2934421424,"39":0.3024903924},"acc":{"0":0.755464943,"1":0.8372590916,"2":0.835604703,"3":0.8673680805,"4":0.9043333089,"5":0.9150709609,"6":0.9246975001,"7":0.9334513406,"8":0.9392186082,"9":0.9467705977,"10":0.9486747923,"11":0.9474882808,"12":0.9491774159,"13":0.9511304838,"14":0.9507414853,"15":0.9528001638,"16":0.9488592747,"17":0.9483115705,"18":0.9528339619,"19":0.9532454206,"20":0.9510049476,"21":0.9527835042,"22":0.9532467404,"23":0.9519173465,"24":0.9515690488,"25":0.9518498592,"26":0.9530321006,"27":0.9507772308,"28":0.9523792112,"29":0.9516841993,"30":0.948298182,"31":0.9510820319,"32":0.949893888,"33":0.9507091638,"34":0.9512076217,"35":0.9521107907,"36":0.9486448967,"37":0.9493321084,"38":0.9514562191,"39":0.9496665912},"lr":{"0":0.001,"1":0.001,"2":0.001,"3":0.001,"4":0.0001,"5":0.0001,"6":0.0001,"7":0.0001,"8":0.0001,"9":0.00001,"10":0.00001,"11":0.00001,"12":0.00001,"13":0.00001,"14":0.000001,"15":0.000001,"16":0.000001,"17":0.000001,"18":0.000001,"19":0.0000001,"20":0.0000001,"21":0.0000001,"22":0.0000001,"23":0.0000001,"24":0.00000001,"25":0.00000001,"26":0.00000001,"27":0.00000001,"28":0.00000001,"29":0.000000001,"30":0.000000001,"31":0.000000001,"32":0.000000001,"33":0.000000001,"34":0.0000000001,"35":0.0000000001,"36":0.0000000001,"37":0.0000000001,"38":0.0000000001,"39":0.0}}