{"val_loss":{"0":1.0184432495,"1":4.0016876346,"2":0.9043392383,"3":0.7515249749,"4":0.5075401763,"5":0.4908179783,"6":0.4546120727,"7":0.4194802152,"8":0.4586884883,"9":0.4467579417,"10":0.4392238706,"11":0.4437020045,"12":0.4477376363,"13":0.4505311925,"14":0.4468621888,"15":0.4523240044,"16":0.4631122549,"17":0.4597771906,"18":0.4543066479,"19":0.43864192,"20":0.4396335,"21":0.4490255316,"22":0.455034808,"23":0.4494734861,"24":0.4536687526,"25":0.4562580884,"26":0.4505042938,"27":0.4519547856,"28":0.4528207438,"29":0.4455371215,"30":0.4485009199,"31":0.4492322008,"32":0.4409060386,"33":0.449778879,"34":0.4458560454,"35":0.4572076237,"36":0.4443906177,"37":0.4465952572,"38":0.4474206765,"39":0.4537643102},"val_acc":{"0":0.7880289895,"1":0.5706332737,"2":0.8204747921,"3":0.8693385011,"4":0.8894714372,"5":0.8961517328,"6":0.9128890151,"7":0.91805986,"8":0.9077062976,"9":0.9136297334,"10":0.91367008,"11":0.9137146728,"12":0.9137384068,"13":0.9130826082,"14":0.9139566819,"15":0.913445626,"16":0.9119233631,"17":0.9126840149,"18":0.9131779926,"19":0.9158334051,"20":0.9158063673,"21":0.914083373,"22":0.9132985246,"23":0.9141379453,"24":0.9134233197,"25":0.9133407474,"26":0.9138674764,"27":0.9136862074,"28":0.9133070651,"29":0.9147785505,"30":0.913784433,"31":0.9138812338,"32":0.9154732511,"33":0.9135187013,"34":0.9146224374,"35":0.9132738539,"36":0.9148658571,"37":0.9145066539,"38":0.9141099538,"39":0.913662479},"loss":{"0":1.0139585139,"1":0.7477418202,"2":0.6345142499,"3":0.6277305504,"4":0.4219730647,"5":0.3584984321,"6":0.3147974137,"7":0.2868517871,"8":0.2663759041,"9":0.254361792,"10":0.2446249906,"11":0.2372894105,"12":0.234019017,"13":0.2264467459,"14":0.2249230176,"15":0.227644712,"16":0.2345638476,"17":0.2446029964,"18":0.223860805,"19":0.2252492878,"20":0.226541092,"21":0.2243799195,"22":0.222831438,"23":0.2233478466,"24":0.2279063981,"25":0.2294696039,"26":0.2429648128,"27":0.2437718956,"28":0.2256654576,"29":0.2188460023,"30":0.2295378154,"31":0.2302534855,"32":0.2219654466,"33":0.223282133,"34":0.2271701153,"35":0.2202227817,"36":0.2229003283,"37":0.2241716884,"38":0.2302444953,"39":0.2327301086},"acc":{"0":0.774080476,"1":0.8464470679,"2":0.8751370323,"3":0.8764961617,"4":0.9220191496,"5":0.9363782888,"6":0.9444770797,"7":0.9504348402,"8":0.9544569263,"9":0.9566044454,"10":0.9593681037,"11":0.9599237111,"12":0.9599181253,"13":0.9615565901,"14":0.9621380337,"15":0.9611950602,"16":0.9600249961,"17":0.9586209456,"18":0.9618266966,"19":0.9619591428,"20":0.9616892972,"21":0.9618220064,"22":0.9624761592,"23":0.9624077741,"24":0.9613518642,"25":0.961367627,"26":0.9593983665,"27":0.9590054653,"28":0.9619124806,"29":0.9629343881,"30":0.9611478703,"31":0.960312136,"32":0.962430286,"33":0.9625432772,"34":0.9615184709,"35":0.9627427847,"36":0.9626150888,"37":0.9623864754,"38":0.9612873821,"39":0.9604781109},"lr":{"0":0.001,"1":0.001,"2":0.001,"3":0.001,"4":0.0001,"5":0.0001,"6":0.0001,"7":0.0001,"8":0.0001,"9":0.00001,"10":0.00001,"11":0.00001,"12":0.00001,"13":0.00001,"14":0.000001,"15":0.000001,"16":0.000001,"17":0.000001,"18":0.000001,"19":0.0000001,"20":0.0000001,"21":0.0000001,"22":0.0000001,"23":0.0000001,"24":0.00000001,"25":0.00000001,"26":0.00000001,"27":0.00000001,"28":0.00000001,"29":0.000000001,"30":0.000000001,"31":0.000000001,"32":0.000000001,"33":0.000000001,"34":0.0000000001,"35":0.0000000001,"36":0.0000000001,"37":0.0000000001,"38":0.0000000001,"39":0.0}}